tweet_id,text,user_id,username,user_name,user_bio,followers_count,user_location,statuses_count,profile_url,created_at,retweet_count,favorite_count,reply_count,is_reply,tweet_url,search_phrase,matched_phrase,matched_keyword,match_distance,diagnosis,medications_found
1957356606557188437,"كنت اعاني من افكار انتحارية 
فوحده من الاشياء الي سويتها عشان احاول اوقف اني قلت ماراح انتحر الا لما اعرف وش نهايه العمالقه 
وعلى اول لحظه خلصت فيها المانقا جا ببالي انط من شاهق لان خلاص استوفيت الشرط وماعاد فيه رادع",1943125272909520896,bloo0oody,natasha hesse .last diary,Confidence is a preference for the habitual voyeur of what is known as parklife. مديرة بالسيلكون ڤالي,98,,1369,https://twitter.com/bloo0oody,Mon Aug 18 08:19:15 +0000 2025,0,0,1,False,https://twitter.com/bloo0oody/status/1957356606557188437,"""أعاني من أفكار انتحارية""",اعاني من,افكار انتحارية,1,suicidal,
1776947161952931928,@IQHakami دكتور إبراهيم تعالج اضطراب تشتت الانتباه للكبار أعاني من افكار انتحارية,1698913338544074752,FFt1432076,.,,4,,8,https://twitter.com/FFt1432076,Sun Apr 07 12:16:32 +0000 2024,0,0,0,False,https://twitter.com/FFt1432076/status/1776947161952931928,"""أعاني من أفكار انتحارية""",أعاني من,افكار انتحارية,1,suicidal,
1775486599079301324,"جاتني فترة كنت أعاني من أفكار انتحارية واكتئاب شديد 
الطبيبة النفسية كان ردها على كل شيء قلته حافظي على صلاتك وأذكارك وأعطتني قائمة أذكار أقرأها…. مو تقليلاً من الجانب الديني لكن مشكلتي كانت عضوية",1493073211965288449,LeenVII,Leen,Translator | ᾍδης | Antares | Sky | Photographer | Writer | Songs | Cats | Pluto’s daughter | 1937 | INFP-T | ONLY ME 🤍|,94,Kingdom of Saudi Arabia,2731,https://twitter.com/LeenVII,Wed Apr 03 11:32:46 +0000 2024,0,1,0,False,https://twitter.com/LeenVII/status/1775486599079301324,"""أعاني من أفكار انتحارية""",جاتني,أفكار انتحارية,19,suicidal,
1683464069980778498,@labayhapp اعاني من افكار انتحارية ، من هو افضل مختص لديكم ؟,1370752525197017094,Azzam_0x,عزام,,29,MBS,1070,https://twitter.com/Azzam_0x,Mon Jul 24 13:08:06 +0000 2023,0,0,1,False,https://twitter.com/Azzam_0x/status/1683464069980778498,"""أعاني من أفكار انتحارية""",اعاني من,افكار انتحارية,1,suicidal,
1614995134541709315,أعاني من أفكار انتحارية عنيفة,1497286357026230281,Hhb73853548,Hhb,#معتقلات_المنازل,27,,220,https://twitter.com/Hhb73853548,Mon Jan 16 14:36:59 +0000 2023,0,0,0,False,https://twitter.com/Hhb73853548/status/1614995134541709315,"""أعاني من أفكار انتحارية""",أعاني من,أفكار انتحارية,1,suicidal,
1611021877064916993,"انا و اسراء لما نتلم مع بعض بالليل 🫣.. كنت اعاني من الحزن و الشعور باللا قيمة فا اتلميت انا و اسراء سوا أصبحت اعاني من أفكار انتحارية 🙂😂👍🏻
انها حقا اخت و صديقة رائعة😂♥️
والله بحبها😂♥️
حاجه في منتهى الكوميديا السوداء اقسم بالله 😂😂😂",1248790379291435009,Rahmaelkabeer,Rahma Elkabeer,"⁩متى فتَحَ اللهُ لك باب الفهمِ في المنع عاد المنعُ عين العطاء🌸⁦
نحن احياء وللحلم بقية ولنا في واقع الحياةِ أملٌ في طِيِبِ حياة🌸♥️",121,"Giza, Egypt",4784,https://twitter.com/Rahmaelkabeer,Thu Jan 05 15:28:41 +0000 2023,0,2,0,False,https://twitter.com/Rahmaelkabeer/status/1611021877064916993,"""أعاني من أفكار انتحارية""",اعاني من,أفكار انتحارية,1,suicidal,
1954486194391162933,@alqabas انا اعاني من انتحار وظيفي🤣,1945803328106967040,01Abdul_razzaq,abdul Razzaq,♡︎ الله لايخَيَــب ظَـن عَبدًا ظَـن بهِ الخيـــرَ ..!,43,Kuwait,1572,https://twitter.com/01Abdul_razzaq,Sun Aug 10 10:13:15 +0000 2025,0,0,0,False,https://twitter.com/01Abdul_razzaq/status/1954486194391162933,"""أعاني من أنتحار""",اعاني من,انتحار,1,suicidal,
1924842055534043316,@MhmdShramh @oaljama والله اني اعاني من هذالمرض وفكرفي الانتحار,1833502025608278016,lshrny168344,الشهراني,,24,,1347,https://twitter.com/lshrny168344,Tue May 20 14:58:02 +0000 2025,0,0,0,False,https://twitter.com/lshrny168344/status/1924842055534043316,"""أعاني من الانتحار""",اعاني من,الانتحار,16,suicidal,
1592855437585846273,@Sofia02345 وانا من يوم ماكان عمري ١٣ كنت اعاني من نوبات اكتئاب واول محاوله انتحار لي كانت بعمر ١٤ وثاني محاوله يوم صار عمري ١٦ وثالث محاوله كان عمري ٢٠ وافهم ايش يعني الواحد يعاني نفسياً والي يصير بحق الترانس بيبول اجرام بدال لا يعلمونهم كيف يحبون جسدهم يقصون ويخيطون فيهم كأنهم دمى,1450003477556572162,t_aeray,ruba,,1,,390,https://twitter.com/t_aeray,Wed Nov 16 12:21:44 +0000 2022,0,0,0,False,https://twitter.com/t_aeray/status/1592855437585846273,"""أعاني من محاولة انتحار""",اعاني من,محاوله انتحار,19,suicidal,
999832648276152320,"حافة،
كل شيء يقف على الحافة،عقلي،صوتي،وعلكة المهرج،والمهرج ايضاً،وبعض الدموع تنظر الي،لم انا وحدي بالاسفل؟لم ينظرون الي بطريقة مريبة؟هل انا اعاني من محاولة انتحار فاشله؟.",3038164105,ii1888ii,BATboy,,58,Gotham,962,https://twitter.com/ii1888ii,Fri May 25 02:00:53 +0000 2018,0,0,0,False,https://twitter.com/ii1888ii/status/999832648276152320,"""أعاني من محاولة انتحار""",اعاني من,محاولة انتحار,1,suicidal,
1066108062006681600,-انا مريضة اكتئاب مزمن و حاد و عندي افكار انتحارية شديدة و روحت لدكاترة كتير و اخرهم الدكتورة قالت لازم اتحجز ف المستشفي علشان اتعالج و قالت هتكلم اهلي بنفسها لو حابة علشان كنت بروح من وراهم لأنهم زي معظم الناس شايفين الاكتئاب من منظور قومي صلي ركعتين و هتبقي كويسة !,1052546712059998208,yasmin_ahmed23,﮼آلـبـشمـھـنـدسـه’ھ 👷‍♀,-porgramming Engineer..👩‍💻 -After patience except for reparation..🤍🍃,363,"دمياط, مصر",1450,https://twitter.com/yasmin_ahmed23,Fri Nov 23 23:15:43 +0000 2018,0,2,1,False,https://twitter.com/yasmin_ahmed23/status/1066108062006681600,"""أنا أتعالج من أفكار انتحارية""",عندي,افكار انتحارية,1,suicidal,
1187272780372418560,@m__118d ي اخوان ودي انبهكم على اهمية العلاج النفسي له اهمية عظمى بعضكم يعتبره شي تافه ومايفيد الكل لكن ماراح تخسر شي انا شخص رحت لطبيب وقلتله اعاني من افكار انتحارية وتعبت ..الخ ووصفلي ادوية وبوصف الدوا نفسه مكتوب هذا السبب ترى اوقات يكون شعورك هذا طبيعي وكثير ناس تمر فيه بفترة بحياتها,927200787066998786,Secluded_man,Sometimes traditional,To young to feel this old,16,Lawyer,1108,https://twitter.com/Secluded_man,Thu Oct 24 07:41:03 +0000 2019,0,0,0,False,https://twitter.com/Secluded_man/status/1187272780372418560,"""أنا أعاني من أفكار انتحارية""",اعاني من,افكار انتحارية,1,suicidal,
1202195276104114176,آنسة ميسا .. أنا أعاني من انتحار الاكتئاب https://t.co/uPWvoPUZA7,1007227879976046592,kyrillosR7,✞κύριος𓂀𓁈𓀛,"بابا13/6/2019💔✝️ حفيد الملك اخناتون𓁈𓂀
مصطفي ديشو8/11/2022💔🥺
 'الثقافة لا تمنع أحدًا من أن يكون سافلًا !
الاهلي♥🦅",12340, Cairo ,75692,https://twitter.com/kyrillosR7,Wed Dec 04 11:57:44 +0000 2019,0,1,0,False,https://twitter.com/kyrillosR7/status/1202195276104114176,"""أنا أعاني من أنتحار""",أعاني من,انتحار,1,suicidal,
1289460564587155456,"مرحبًا دكتورة كوثر، انا شخص فيني اعراض اكتئاب وتراودني افكار انتحارية ومو قادر اعيش حياتي ابدًا وابغا انهيها بأقرب فرصة — اتواصل مع طبيب نفسي مختص في أسرع وقت
اللحظة الي تنتابك فيها افكار انتحارية معناتها انت بحاجه لتدخل طبيب نفسي ينقذك لانه حياتك مهمه 🙏 https://t.co/fSjNksdB6l",3156238176,Koutherfaris,كوثر السحيمي ¦ Kouther Alsehemi,اخصائية مختبر 🔬CAP Inspector |POCT|Quality| CPHQ| LSSBB |صانعة محتوى طبي وعلمي رهيب دايماَ✨| انسانة رهيبة دايماً 😌,52171,"Medina, KSA 🇸🇦",48051,https://twitter.com/Koutherfaris,Sat Aug 01 07:18:50 +0000 2020,0,0,1,False,https://twitter.com/Koutherfaris/status/1289460564587155456,"""أنا أعيش مع أفكار انتحارية""",فيني,افكار انتحارية,23,suicidal,
2022000562825572672,هو هيحصل ايه يعني لما اقولك عندي suicidal thoughts و تاخدني علي قد عقلي ايه هدعيلك بالهدايه دي هو أنا بقولك رايحه ارفع حته ب ٢٠٠؟,2015873968712962048,totallystableig,notlosingit,not that serious actually,108,Inside my thoughts ,693,https://twitter.com/totallystableig,Thu Feb 12 17:31:15 +0000 2026,0,3,0,False,https://twitter.com/totallystableig/status/2022000562825572672,"""أنا عندي suicidal thoughts""",عندي,suicidal thoughts,1,suicidal,
2000134371291099576,"@AssemElsha14663 لحد دلوقت لأ، المكالمة كانت إجراء وقائي عشان عندي suicidal thoughts ومش بحكي مع حد ف حاجة، هما وجهوني إني أروح لثيرابست وعرضوا عليا الاستشارات بتاعة مستشفى العباسية ""أرخص بس عيبها إن مواعيدها متضاربة مع الشغل""، ف لأ أنا متعالجتش بس هما مفيدين وهيساعدوا",1849091197102411776,BigVi0lence,ViØLENŒ,"OTP Vi and Proud 🇪🇬. LoL Arabic Content. News, Memes, and Extras.",20,"Cairo, Egypt",880,https://twitter.com/BigVi0lence,Sun Dec 14 09:22:49 +0000 2025,0,15,1,False,https://twitter.com/BigVi0lence/status/2000134371291099576,"""أنا عندي suicidal thoughts""",عندي,suicidal thoughts,1,suicidal,
1947382307599618483,"في فترة في حياتي كان عندي suicidal thoughts مستوي النفسية في الأرض مستوي الانجاز مفيش كان عندي صاحب الله يرحمه كان بيفهمني قبل ما اتكلم وقف معايا في الفترة دي ووفاته غيرت حاجات كتير في مجري حياتي اعتقد ده اكتر وقت انا مفتقده فيه 
كنت فاكر فكرة انك تسمع حد دي حاجه بسيطة.",1715729490368729088,mazen01237,mazen,,3255,,3564,https://twitter.com/mazen01237,Mon Jul 21 19:44:57 +0000 2025,0,8,3,False,https://twitter.com/mazen01237/status/1947382307599618483,"""أنا عندي suicidal thoughts""",عندي,suicidal thoughts,1,suicidal,
1945249103899701347,"النهاردة حد فضل يضغط عليا احكيله مالي إلى أن انفجرت وانهارت وقولت اني مش كويسة وبقالي فترة عندي Suicidal thoughts وقتها انهال عليا باللوم بمنتهى العنف انه دا عدم رضا، وجحود وربنا هيحاسبك على الي في دماغك دا، وانه احمدي ربنا أحسن  
يا رب انا تعبت من الي حواليا ومن قسوة وغباء الناس",1227566808565190661,N4dod4,نـدٰﮮ,"Someone who loves art, plants and music..🌱",344,"El Gharbia, Egypt",1656,https://twitter.com/N4dod4,Tue Jul 15 22:28:22 +0000 2025,0,2,1,False,https://twitter.com/N4dod4/status/1945249103899701347,"""أنا عندي suicidal thoughts""",عندي,suicidal thoughts,1,suicidal,
1895024655687135635,كنت سهرانة طول الليل برا البيت.. ماكنتش مبسوطة.. كان عندي suicidal thoughts فشخ .. كنت حاسه ب حزن جوايا و انا وسط ناس و مزيكا شغاله و بنرقص و مبتسمه..,1256296630225178629,Barbieeguurll,🧘🏼‍♀️,Emotional roller coaster 🎢,2040,,5852,https://twitter.com/Barbieeguurll,Thu Feb 27 08:14:20 +0000 2025,0,1,0,False,https://twitter.com/Barbieeguurll/status/1895024655687135635,"""أنا عندي suicidal thoughts""",عندي,suicidal thoughts,1,suicidal,
1797559943056306392,اهلي في كل مره يشوفوني قاعده على الشباك يتخضوا هو انا اه عندي suicidal thoughts بس مش هنط من التالت يعني دي مجرد هواية والله,1566433076321951746,sttaargirrl,Social Butterfly 💗🪄🦋,انا بدي طير ما حدا بيلغي جناحاتي,125,,4027,https://twitter.com/sttaargirrl,Mon Jun 03 09:24:22 +0000 2024,0,0,1,False,https://twitter.com/sttaargirrl/status/1797559943056306392,"""أنا عندي suicidal thoughts""",عندي,suicidal thoughts,1,suicidal,
1784033947325755473,"بس الحمدلله انا دلوقتي في ال healing era و رجعلي بقي الاحساس و جزء من الشغف تجاه الحياة و راحت من عندي ال suicidal thoughts و بقيت فعلا عايزة اعيش و اتعلم و اشتغل زي باقي البشر
بس جيس وات بقي
انا ضيعت كل حاجة في الولا حاجة حرفيا 
طب و بعدين...",1171109265198727169,interuptedgirrl,✮,wasted.,14313,,21558,https://twitter.com/interuptedgirrl,Sat Apr 27 01:36:53 +0000 2024,0,0,1,False,https://twitter.com/interuptedgirrl/status/1784033947325755473,"""أنا عندي suicidal thoughts""",عندي,suicidal thoughts,4,suicidal,
1715543606864249197,انا بحاول مفتحش اي فيديو او اشوف اي خبر علي قد ما اقدر لاني من غير حاجة عندي Suicidal thoughts فا مش قادرة لأ انا عارفة بشاعة الحياة من غير حاجة,1132417927398010881,SouDolce,ސ,ضرب ومخدرات وسياسة وإلحاد/  A sarcastic account and not for low IQs,450,Heliopolis                    ,35261,https://twitter.com/SouDolce,Sat Oct 21 01:40:43 +0000 2023,0,0,0,False,https://twitter.com/SouDolce/status/1715543606864249197,"""أنا عندي suicidal thoughts""",عندي,suicidal thoughts,1,suicidal,
1652302315964059651,"@NotGakiAnymore انا بعد الحصل في الحرب دي و سفرنا للولايات خارج الخرطوم بقا عندي suicidal thoughts
ما هاميني الموت لكن انا ما قادر امرق من اني خسرت تعب ٧ سنين من حياتي في العملية وفقدت كل ورقي وشهادتي في يوم وليلة.",510727027,shapelessme,merrr.,repercussions.,143,,10639,https://twitter.com/shapelessme,Sat Apr 29 13:22:25 +0000 2023,0,0,1,False,https://twitter.com/shapelessme/status/1652302315964059651,"""أنا عندي suicidal thoughts""",عندي,suicidal thoughts,1,suicidal,
1628119509998440466,"قلتا ليها في ما معناه بوضوح انه انا عندي suicidal thoughts 
رسلت لي صور couples بستحموا مع بعض 💀💀💀",4828403731,memphis3200Bc,◯,مزكرات شخص غير مهم علي الاطلاق,86,ماكوندو ,3756,https://twitter.com/memphis3200Bc,Tue Feb 21 19:48:34 +0000 2023,0,0,0,False,https://twitter.com/memphis3200Bc/status/1628119509998440466,"""أنا عندي suicidal thoughts""",انا عندي,suicidal thoughts,1,suicidal,
2027977318149275793,اي زين الان صرت أنا الي عندي افكار انتحاريه اللهم اني صائمه بس,1903657674484461568,it70ayr,to77🐙,كُل ما أكتبه حديث عابر بيني وبين أفكاري,6,المملكة العربية السعودية🇸🇦,1230,https://twitter.com/it70ayr,Sun Mar 01 05:20:45 +0000 2026,0,0,0,False,https://twitter.com/it70ayr/status/2027977318149275793,"""أنا عندي أفكار انتحارية""",عندي,افكار انتحاريه,1,suicidal,
2024994984009592879,"@ibrahimatized أنا يوميا و من سنوات طويله أبقى أتخيل سيناريوهات عن الواقع لي أبيه و هو بعيد كليا أو بالأحرى مستحيل 

لدرجة ثلاث سنوات الأخيرة صاروا عندي افكار انتحاريه 
عذاب 💔😭",1543259488068722688,Eldorado3705,ماريا,,54,,4728,https://twitter.com/Eldorado3705,Fri Feb 20 23:50:01 +0000 2026,0,10,0,False,https://twitter.com/Eldorado3705/status/2024994984009592879,"""أنا عندي أفكار انتحارية""",عندي,افكار انتحاريه,1,suicidal,
2013734716571083162,"عبارة مازال للعمر بقية -اظن جزء من قصيدة لشاعر سوري- كانت تخوفني الصدق 
كيف يعني مازال للعمر بقية ابي اموت انا لان كان عندي افكار انتحاريه وكذا المهم الحمدلله الحين استطيع ان التمس بالعبارة هذي ما يلتمسه ال mentally stable واتفائل منها",934788524519448576,ilme70,toot,,64,,6470,https://twitter.com/ilme70,Tue Jan 20 22:05:44 +0000 2026,0,0,1,False,https://twitter.com/ilme70/status/2013734716571083162,"""أنا عندي أفكار انتحارية""",عندي,افكار انتحاريه,1,suicidal,
2013203763499082087,"أخوي كان يبي يصرفون له حبوب تساعده على النوم، واختار يمثل أنه مكتئب ويقول أنا عندي أفكار انتحارية أنا أبغى أنتحر وما إلى ذلك

المهم الدكتورة ضحكت عليه.قهقهت.",1484819629675622400,ithreedotsss,صقره,أهوى لغة الضاد,51,,2209,https://twitter.com/ithreedotsss,Mon Jan 19 10:55:55 +0000 2026,0,0,1,False,https://twitter.com/ithreedotsss/status/2013203763499082087,"""أنا عندي أفكار انتحارية""",أنا عندي,أفكار انتحارية,1,suicidal,
1986345222708568112,"ليش ترجمة البايو أتمنى أموت

قصدي كايتو وهو يقول أتمنى يموتون، مب أنا اللي بموت

وش دعوة صار عندي أفكار انتحارية من وراي https://t.co/kKyiQ0dgSE",1974204917028995073,RUKKIRAN,kurenai 𖤐 紅,"1999.8.1 Today is August 1st
ひ・・63",57,3-nen Z-gumi  ,2335,https://twitter.com/RUKKIRAN,Thu Nov 06 08:09:40 +0000 2025,0,0,0,False,https://twitter.com/RUKKIRAN/status/1986345222708568112,"""أنا عندي أفكار انتحارية""",عندي,أفكار انتحارية,1,suicidal,
1976002843774681149,المفروض اكون اتعودت على فكرة اني عندي افكار انتحاريه معظم الوقت بس بجد انا دلوقتي مش قادره افكر ف اي حاجه تانيه غير اني عايزه اموت نفسي بطرق بشعه,1787925549710454784,khfagagirl,خفاجه (النسخه المؤنثه),انت بهيمه يابا؟,1424,ف بيت زبي,4567,https://twitter.com/khfagagirl,Wed Oct 08 19:12:44 +0000 2025,0,4,0,False,https://twitter.com/khfagagirl/status/1976002843774681149,"""أنا عندي أفكار انتحارية""",عندي,افكار انتحاريه,1,suicidal,
1969062824312758551,انا مبسوط انهردا فشخ بعد مكان عندي افكار انتحاريه امبارح الصبح 😂,990128695305228289,hyh_abdelrahman,عبرحمن,اللهم ادخلني مدخل صدق وأخرجني مخرج صدق واجعل لي من لدنك سلطانا نصيرا 🤍🤲,82, في أبعد حتة عنك ,3598,https://twitter.com/hyh_abdelrahman,Fri Sep 19 15:35:35 +0000 2025,0,0,0,False,https://twitter.com/hyh_abdelrahman/status/1969062824312758551,"""أنا عندي أفكار انتحارية""",عندي,افكار انتحاريه,1,suicidal,
1964126632802648135,أنا من اسكندرية و عندي أفكار انتحارية اطلع على المنصورة ولا ايه,1635607343705595905,ahumanbeing_13,بينادوني شمس وبتاع,ده طريق اللا نهاية,78,,552,https://twitter.com/ahumanbeing_13,Sat Sep 06 00:40:55 +0000 2025,0,0,0,False,https://twitter.com/ahumanbeing_13/status/1964126632802648135,"""أنا عندي أفكار انتحارية""",عندي,أفكار انتحارية,1,suicidal,
1960592374062514314,"@msh_ana_khales انا معنديش اكتئاب ولا عندي افكار انتحارية و ساعات بتفق مع الفكرة دي
انت 100/100",1157041520530403328,vvaxingcrescent,Ultralight beam🌒,الحمدلله,5834,𓈎𓅓𓏏,3309,https://twitter.com/vvaxingcrescent,Wed Aug 27 06:37:02 +0000 2025,0,2,0,False,https://twitter.com/vvaxingcrescent/status/1960592374062514314,"""أنا عندي أفكار انتحارية""",عندي,افكار انتحارية,1,suicidal,
1956793457176936867,سخرية القدر اني بهندل حد بيقول كل يوم انه عايز يموت نفسه ف الوقت اللي انا فيه اصلا عندي افكار انتحارية,1256296630225178629,Barbieeguurll,🧘🏼‍♀️,Emotional roller coaster 🎢,2040,,5852,https://twitter.com/Barbieeguurll,Sat Aug 16 19:01:30 +0000 2025,0,4,0,False,https://twitter.com/Barbieeguurll/status/1956793457176936867,"""أنا عندي أفكار انتحارية""",عندي,افكار انتحارية,1,suicidal,
1946852967333663190,@saifIeeip @SSrhn @NCMH_SA انا بعد عندي افكار انتحارية اكتب اسمي,1367672849318752258,21mago_,مُصابر,,293,بين و بين,64322,https://twitter.com/21mago_,Sun Jul 20 08:41:32 +0000 2025,0,0,0,False,https://twitter.com/21mago_/status/1946852967333663190,"""أنا عندي أفكار انتحارية""",عندي,افكار انتحارية,1,suicidal,
1938018621600530809,@Noone4137Non طيب انا عندي افكار انتحارية اعمل ايه,1840526362680946688,rofyydaa,Komorebi,,24,sohag egypt,1067,https://twitter.com/rofyydaa,Wed Jun 25 23:37:00 +0000 2025,0,0,1,False,https://twitter.com/rofyydaa/status/1938018621600530809,"""أنا عندي أفكار انتحارية""",انا عندي,افكار انتحارية,1,suicidal,
1932534478511223125,"كل فئات الدفعة بيصيحوا 
الشاطر والكحيان واللي بيرقص على السلم.
أنا شوفت حد بيقول عندي أفكار انتحارية وحد بيقول اعملولنا عمرة ... إلخ 
حبايب قلبي دفعتي الغالية كلتوا دماغ أمي 
دي امتحانات دنيوية ملهاش أي لازمة وهتعدي بإذن الله
بلاش حرق أعصاب وإرهاق نفسي..
ذاكروا واستعينوا بالله.",1473649918594240514,Mayada56278348,ميَّادة,🌸 وأنا على عهدك ووعدك ما استطعت 🌸,256,veterinary student 🐾,1635,https://twitter.com/Mayada56278348,Tue Jun 10 20:24:59 +0000 2025,1,26,4,False,https://twitter.com/Mayada56278348/status/1932534478511223125,"""أنا عندي أفكار انتحارية""",عندي,أفكار انتحارية,1,suicidal,
1617966810288246785,يا حدعان دا انا ال بقا عندي suicidal tendencies والله كفااايههه بقاااااا,1296992321125396480,rouuemad,‏﮼روان,,585,"Cairo, Egypt",736,https://twitter.com/rouuemad,Tue Jan 24 19:25:22 +0000 2023,0,1,0,False,https://twitter.com/rouuemad/status/1617966810288246785,"""انا عندي suicidal tendencies""",عندي,suicidal tendencies,1,suicidal,
1438631446298742785,عندي suicidal tendencies ومفيش حد جمبي يساره وانا مش حابة نفسى كده — انا كمان كان عندي ميول انتحارية بس الحمدلله عديت الفتره بسلام لو حاساني اني ممكن اساعدك متررديش ثانية واحده وكلميني دايركت 💙 https://t.co/jSmvXr4QJq,1301539060448727040,_doodle40,🐌,,33001,,25496,https://twitter.com/_doodle40,Thu Sep 16 22:30:39 +0000 2021,0,2,1,False,https://twitter.com/_doodle40/status/1438631446298742785,"""انا عندي suicidal tendencies""",عندي,suicidal tendencies,1,suicidal,
838964792538845184,لا يا ماما انا مش جاية أقعد معاكي انا لقيت عندي خلايا مخ عندها suicidal tendencies قولت أفرجهم معاكي علي ريهام سعيد و أريحهم من عذابهم.,2307745588,sheroukable,ALBA,I say nothing of the loathsomeness of the life in here,660,,21953,https://twitter.com/sheroukable,Tue Mar 07 04:09:28 +0000 2017,2,0,0,False,https://twitter.com/sheroukable/status/838964792538845184,"""انا عندي suicidal tendencies""",عندي,suicidal tendencies,16,suicidal,
838781947446980609,أنا عندي suicidal tendencies وممكن أبهدلك.,361553917,rnhmd_,🌻🏳,"This account is a work of fiction. Any resemblance to actual persons, living or dead, or actual events is purely coincidental.",267,Anywhere but here,5321,https://twitter.com/rnhmd_,Mon Mar 06 16:02:54 +0000 2017,0,1,0,False,https://twitter.com/rnhmd_/status/838781947446980609,"""انا عندي suicidal tendencies""",أنا عندي,suicidal tendencies,1,suicidal,
1330940544818835456,"انا عديت ع التويت دي كذا مرة و دماغي وقفت لاني بقالي اسبوع تقريبا بعاني من suicidal thoughts بشعة لدرجة اني كنت بخاف اقوم من السرير عشان منفذش اي حاجة من دي 
They will really burn in hell , i wish 🙂",1055135028919894016,Dunya_3llam,D O N D O N 🦋,"ophthalmologist👁️
AlAhly🦅♥️ Real Madrid Y Nada Más🤍
like a butterfly her wings unfolded🦋",2626,,31297,https://twitter.com/Dunya_3llam,Mon Nov 23 18:25:28 +0000 2020,0,1,0,False,https://twitter.com/Dunya_3llam/status/1330940544818835456,"""بعاني من suicidal thoughts""",بعاني من,suicidal thoughts,1,suicidal,
1183413172000165888,انا مؤخرًا بعاني من ال suicidal thoughts ولسه عارفه المعلومه دي ومخوفاني من نفسي، بس ممكن اكون عندي قوة أراده عن ناس تانيه كتير,726370950619475968,sadsatan_7,Lilith,"‏‏‏‏‏‏‏خَلينا عمْ نِعزُف، بَـلا مَا نِفيق





if a writer falls in love with you, you can never die.",10457,"Cairo, Egypt",41842,https://twitter.com/sadsatan_7,Sun Oct 13 16:04:21 +0000 2019,0,1,0,False,https://twitter.com/sadsatan_7/status/1183413172000165888,"""بعاني من suicidal thoughts""",بعاني من,suicidal thoughts,4,suicidal,
1445002637963931649,اه بعاني من افكار انتحارية و اه عانيت من حاجات كتير محدش يعرف عنها وبسببها هفضل عايش ف رعب ولو انت فاكر انك عرفهم فا لا انا محكيتش حاجة يعتبر انا معبرتش غير ممكن عن ربع الى جوايا بس اه السنه لسه مخلصتش وبقيت بستني الشهر الجديد عشان يعدي والى بعده عشان برضو يعدي.,1008478066883129346,Mohamed515965,𝓜𝓸𝓱𝓪𝓶𝓮𝓭𝓐𝓶𝓻,I never kicked anyone out of my life but they all died in an accident of trust.,2858,Mansoura (M.G),69873,https://twitter.com/Mohamed515965,Mon Oct 04 12:27:30 +0000 2021,8,6,0,False,https://twitter.com/Mohamed515965/status/1445002637963931649,"""بعاني من أفكار انتحارية""",بعاني من,افكار انتحارية,1,suicidal,
1426460480818843649,"أنا بعاني من أفكار انتحارية!
اوك بلاش تنتحري",1415618039530278924,kimpossible895,Kim possible,‏‏‏‏أنا بنت عادية وأحمي كل البلاد أخاف أرتجف لا مستحيل ( دامو),53,Ron heart ,680,https://twitter.com/kimpossible895,Sat Aug 14 08:27:35 +0000 2021,0,1,1,False,https://twitter.com/kimpossible895/status/1426460480818843649,"""بعاني من أفكار انتحارية""",بعاني من,أفكار انتحارية,1,suicidal,
1305311649767862274,معنديش المساحه اللي اتكلم فيها ولا الشخص اللي أقوله انا محتاج مساعدتك انا تعبان ، انا بعاني من أفكار انتحارية الفتره دي ومدلي ايدك وساعدني اكون كويس ، لما قعدت ادور في الناس الكتير حواليا دول ملقتش حد ممكن يقول أيوة انا هنا سامعك اهو ...,305855432,Higazy90s,Higazy,هكتب بايو حاضر بس مش دلوقتي,680,Cairo,47172,https://twitter.com/Higazy90s,Mon Sep 14 01:05:23 +0000 2020,0,1,0,False,https://twitter.com/Higazy90s/status/1305311649767862274,"""بعاني من أفكار انتحارية""",بعاني من,أفكار انتحارية,1,suicidal,
1238991755363614720,بس تلاقي البطلة الCD الي عليه الرسالة الوداعية لحبيبها الي انتحر الي حكولي اكتر مشهد حتعيطي عليه هو أكتر مشهد ما عيطني لأنه صدمني جداً، ضليت تلت أيام بفكر كيف ممكن تكون بتحب حدا و عايش معه و هو بعاني من اكتئاب حاد و أفكار انتحارية و انت مش حاسس ولا شاكك حتى بالموضوع،و تخسره فجأة!,2520262586,olwannnn,هِـبَـةْ,اندبندنت قارورة #لا_للتطبيع,2119,Kuwait,46941,https://twitter.com/olwannnn,Sun Mar 15 00:53:48 +0000 2020,3,6,3,False,https://twitter.com/olwannnn/status/1238991755363614720,"""بعاني من أفكار انتحارية""",بعاني من,أفكار انتحارية,14,suicidal,
1193904026406010880,الحقيقة اني آخر فترة كنت بعاني من أفكار انتحارية بشعة مسيطرة عليا و اكتئاب خلاني مشلولة. لما مريت بضيق شديد و في كام ساعة لقيت ناس كتير اوي حواليا بيعرضوا يساعدوا بدون مقابل حسيت بكم كبير من الحب و الدعم و كنت حقيقي سعيدة بدا و لقيت أغلب الأفكار السلبية بتتلاشى.,4882476598,Annooosaaa,Annoosa,Always curious,34248,"Giza, Egypt",38620,https://twitter.com/Annooosaaa,Mon Nov 11 14:51:16 +0000 2019,0,15,7,False,https://twitter.com/Annooosaaa/status/1193904026406010880,"""بعاني من أفكار انتحارية""",بعاني من,أفكار انتحارية,1,suicidal,
1748248417980076418,@alqaeed36 انا ليه اضيف علي نفسي مشاكل من نفس نوع المشاكل اللي بعاني منها؟؟؟ده انتحار,542000316,hanandow1,🇪🇬hanan hamdy🇪🇬,حاول تشوف الجميل في بلدك. كن جميلا تري بلادك اجمل بلاد الدنيا وكن امينا تشوف عيوب البلاد التانيه.....تحيا مصر,208,"القاهرة, مصر",6858,https://twitter.com/hanandow1,Fri Jan 19 07:37:58 +0000 2024,0,1,0,False,https://twitter.com/hanandow1/status/1748248417980076418,"""بعاني من أنتحار""",بعاني من,انتحار,8,suicidal,
1994512210027319743,@abdallah_i98 يعمل ماستر انا ببدأ الخطوه وبقولك انه قبل ما يبدأ خطوة سفر او جواز يكون ناجح بنفسه وعشان نفسه ولما يقرر يسافر يسافر بكرامه وعزه وهو عنده ما يكفي من العلم الي يخليه يعمل فلوس وطاقة المذاكره بالنسبه لي تحفه لاني بحبها جدا انا شخص بعاني من اكتئاب وكنت علي حافة الانتحار المذاكره,1508588729249771526,FatmahamdyGhon3,Fatma hamdy Ghoneem,لا تعتمد علي الآخرين كأنك عاجز ولا تعودهم علي الإستناد كأنك حائط🖤,609,بركة السبع محافظة المنوفيه,1940,https://twitter.com/FatmahamdyGhon3,Fri Nov 28 21:02:21 +0000 2025,0,1,0,False,https://twitter.com/FatmahamdyGhon3/status/1994512210027319743,"""بعاني من الانتحار""",بعاني من,الانتحار,22,suicidal,
2006836211437199629,"المشكلة إن اللي مبيزودش الوزن من مضادات الاكتئاب فعاليته في العلاج مش قد كده.
المرة اليتيمة اللي خدت فيها علاج بيقلل الوزن عملي نوبات هياج
ولما جيت أعمل ريجيم جاتلي أفكار انتحارية ملحة
فرجعت راضية للدواء اللي  بيزود الوزن.
مهم: محدش يوقّف دواء عشان زيادة الوزن ده دور الطبيب.",3995042999,Egy84D,Mai,No need to follow.,31,,7559,https://twitter.com/Egy84D,Thu Jan 01 21:13:32 +0000 2026,0,0,0,False,https://twitter.com/Egy84D/status/2006836211437199629,"""جاتلي أفكار انتحارية""",جاتلي,أفكار انتحارية,1,suicidal,مضادات الاكتئاب
1750561615571718374,جاتلي أفكار انتحارية بعد اخر نص ساعة في حلقة بلال فضل الأخيرة. والله كنت متوقع مهازل من دي .. بس الواحد بيعيش حالة انكار لأن كمية الخره تفوق الاحتمال والتصور,50038165,nabmaj_23,AlphaEchoHeavy,"Homosepian reminant awaiting discovery, as I wake up sleeping with insomnia. A Neurologist. 

انت مش من فضلك ، انتظارك ، فارجع إلى الخلف.

Based in Germany.",1785,Egypt,9903,https://twitter.com/nabmaj_23,Thu Jan 25 16:49:47 +0000 2024,0,4,1,False,https://twitter.com/nabmaj_23/status/1750561615571718374,"""جاتلي أفكار انتحارية""",جاتلي,أفكار انتحارية,1,suicidal,
1745904669350568007,انا مش بتاع عبثية  يا اخواتي بس جاتلي صفقة افكار انتحارية,1101982479215398912,HDaadeer,Hosaam Daadeer,إنسان يعيش في قَلقه وتفكير أكثر من اللازم فنجني من شر نفسي يارب وعافني في عقلي.,4960,"دمياط, مصر",7852,https://twitter.com/HDaadeer,Fri Jan 12 20:24:45 +0000 2024,0,2,0,False,https://twitter.com/HDaadeer/status/1745904669350568007,"""جاتلي أفكار انتحارية""",جاتلي,افكار انتحارية,6,suicidal,
1745838490116358459,انا مش بتاع عبثية  يا اخواتي بس جاتلي صفقة افكار انتحارية,3832666397,OsamaMu77,E-sama,تاني أذكى واحد بعد مثلك الأعلى,3569,,40371,https://twitter.com/OsamaMu77,Fri Jan 12 16:01:46 +0000 2024,0,11,0,False,https://twitter.com/OsamaMu77/status/1745838490116358459,"""جاتلي أفكار انتحارية""",جاتلي,افكار انتحارية,6,suicidal,
1452050677690249220,عندي افكار انتحاريه معرفش جاتلي ليه زمنين وع بعد خطوة م اني اقوم انفذها,1347929984531361803,salma611997,dkwtfamdoinghere,505,97,,1498,https://twitter.com/salma611997,Sat Oct 23 23:13:54 +0000 2021,0,0,0,False,https://twitter.com/salma611997/status/1452050677690249220,"""جاتلي أفكار انتحارية""",عندي,افكار انتحاريه,1,suicidal,
1435751163262115841,البيريود جاتلي و جايبة معاها افكار انتحارية,930921527691882496,amany_Mohsen_,🌚,and... that's it.,153,Alex ,2196,https://twitter.com/amany_Mohsen_,Wed Sep 08 23:45:26 +0000 2021,0,0,0,False,https://twitter.com/amany_Mohsen_/status/1435751163262115841,"""جاتلي أفكار انتحارية""",جاتلي,افكار انتحارية,15,suicidal,
1386032700096667649,عمري ما جاتلي افكار انتحارية ولا الكلام ده انا دلوقتي عايز اطرطر من فوق جبل.,1195918482937962496,tarekalaa20055,طاروقه,غابة؟,49,"Cairo, Egypt",275,https://twitter.com/tarekalaa20055,Sat Apr 24 19:02:01 +0000 2021,0,3,0,False,https://twitter.com/tarekalaa20055/status/1386032700096667649,"""جاتلي أفكار انتحارية""",جاتلي,افكار انتحارية,1,suicidal,
1319844554179334145,@jazzmine92_ اوعدك لو جاتلي افكار انتحارية,272121836,EslamAfricano,Africano Park 𓁢 𓆣 🇵🇸,البارك مطمع لكثير من المستثمرين طالما مش اجنبي متصلي بينا ع النبي,943,UAE,26185,https://twitter.com/EslamAfricano,Sat Oct 24 03:33:57 +0000 2020,0,0,0,False,https://twitter.com/EslamAfricano/status/1319844554179334145,"""جاتلي أفكار انتحارية""",جاتلي,افكار انتحارية,1,suicidal,
1297301097548259328,"بعترف اني وحيده, و قبل ما اسمع كلام أو حد يجي يقولي وحيده ازاي انا جنبك و بلا بلا بلا ف لا محدش جنبي، انا لو رميت موبيلي و قفلته محدش هيوصلي، لو جاتلي افكار انتحاريه و حاولت اقتل نفسي محدش هيوصلي، لو حاولت اني ابعد بس محدش هيهتم أنه يوصلي.
ف اه انا وحيده و دايما بحس بالوحده،",801852370175094784,M123200344545,Mariam,‏‏اللهم ارزقني حسن الاختيار,392,Ismailia.Egypt,4978,https://twitter.com/M123200344545,Sat Aug 22 22:34:19 +0000 2020,0,1,0,False,https://twitter.com/M123200344545/status/1297301097548259328,"""جاتلي أفكار انتحارية""",جاتلي,افكار انتحاريه,1,suicidal,
1281153504334184450,مهما كانت إختلافاني معاها ف أنا فاهمة دوافعها وعارفه ليه ، وحقيقي بحبها بكل أختلافاتنا ومشاكلنا ولحظات خوفها عليا وقلقها وحبها وكل حاجة أنا بجد بحمد ربنا على وجودها ويمكن هي الحاجة الأهم اللي بتخليني أتمسك بالحياة وأفكر ألف مرة لو جاتلي أفكار انتحارية ، انا بحبها فشخ,2906695702,yourfavsalsoula,هو عامة يعني أنا ضد الإنسان,Respect to be respected.. freedom.🍉🇵🇸,864,,39862,https://twitter.com/yourfavsalsoula,Thu Jul 09 09:09:32 +0000 2020,0,2,1,False,https://twitter.com/yourfavsalsoula/status/1281153504334184450,"""جاتلي أفكار انتحارية""",جاتلي,أفكار انتحارية,1,suicidal,
1246857640824713216,@AmalGamal62 انا فعلا جاتلي افكار انتحاريه 😌,1164971926651047937,Heba29631155,Heba Hedaya 🇵🇸 𓂆,"أنا شخص قد تعثر وأستقام ، إنحنى وأعتدل ، إنهار وأستقوى ، ثم صار يعرف حدوده مع الحياة والناس ، متى يواجه، ومتى ينسحب، ومتى لا يلتفت أبداً.❤
⠀ 
⠀",139,,1446,https://twitter.com/Heba29631155,Sun Apr 05 17:50:01 +0000 2020,0,0,0,False,https://twitter.com/Heba29631155/status/1246857640824713216,"""جاتلي أفكار انتحارية""",جاتلي,افكار انتحاريه,1,suicidal,
1205509255664734209,"انا وحيد , وقبل ما اسمع كلام حد يجي يقولي وحيد ازاي انا جنبك وبلا بلا ف لأ محدش جنبي انا لو رميت موبيلي وقفلته محدش هيوصلي لو جاتلي افكار انتحاريه وحاولت اقتل نفسي محدش هيوصلي لو حاولت ان ابعد محدش هيهتم أنه يوصلي
ف اه وحيد دايما بحس بالوحده ع قد ما بتكلم وبعمل وبسوي بس لوحدي 💔",723669566,taha_amary7,Taha..🖤,‏لقد أهلك الحُزن روحي ، دمرها بِالكامِل 😞💔,180,مصر,2456,https://twitter.com/taha_amary7,Fri Dec 13 15:26:18 +0000 2019,0,0,0,False,https://twitter.com/taha_amary7/status/1205509255664734209,"""جاتلي أفكار انتحارية""",جاتلي,افكار انتحاريه,1,suicidal,
1190056882481840133,من سنة زي الايام دي كانت اوحش ايام حياتي ، كنت بفتح تويتر زي دلوقتي اكتب تويتة تدل على مدى الحياة البائسة اللي كنت عايشاها واقفل اكمل بؤس وأوڤر ثينكينج وانام ، جاتلي افكار انتحارية كتير ، كنت كارهه حياتي فعلًا ومكنتش قادرة اني اجت اوڤر الفترة دي ، ومتوقعتش اني ممكن اخرج منها,2961435723,Zezeta_1,زينب,"What happens, happens.
- medical student",1248,"الدقهلية, مصر",3969,https://twitter.com/Zezeta_1,Fri Nov 01 00:04:05 +0000 2019,0,6,1,False,https://twitter.com/Zezeta_1/status/1190056882481840133,"""جاتلي أفكار انتحارية""",جاتلي,افكار انتحارية,1,suicidal,
2026650108834480637,@LoulidiMohamed جاتني افكار انتحاريه مانتحرت، فرق بين الفعل والتفكير بس وان جاتني اتعوذ من الشيطان مااسب حد بتويتر,1394680194447912966,lackadisicalcat,Hadi,,350,Ednos,1080,https://twitter.com/lackadisicalcat,Wed Feb 25 13:26:53 +0000 2026,0,0,1,False,https://twitter.com/lackadisicalcat/status/2026650108834480637,"""جاتني أفكار انتحارية""",جاتني,افكار انتحاريه,1,suicidal,
2026434826341916709,متابعيني مامنكم فايدة لا بالخير ولا بشر مغير ساكتين مافي غير ملكاا تعطيني كم لايك اذا جاتني افكار انتحارية,1623678680147927041,alpaqw,AaAa,ال مهندسة,7,المملكة العربية السعودية,345,https://twitter.com/alpaqw,Tue Feb 24 23:11:26 +0000 2026,0,0,1,False,https://twitter.com/alpaqw/status/2026434826341916709,"""جاتني أفكار انتحارية""",جاتني,افكار انتحارية,1,suicidal,
2008786533101588623,اعشق السهر اعععشقه لي اسبوع انام بدري واصحى بدري يعنني نيو ير نيو مي اقسم بالله جاني اكتئاب فضيع لدرجة تجيني افكار انتحاريه جاتني خنقه لدرجة اغلب الايام ابكي  اليوم سهرت انا اسعد مخلوق على وجه الارض حالياً طز بالهالات طز بالكورتيزول,1427438037437403141,ia_1000000,𓃠(ج),,97,السعودية محور الكون✨,8673,https://twitter.com/ia_1000000,Wed Jan 07 06:23:25 +0000 2026,0,0,0,False,https://twitter.com/ia_1000000/status/2008786533101588623,"""جاتني أفكار انتحارية""",جاني,افكار انتحاريه,25,suicidal,
1892535174077854111,جاتني اقوى افكار انتحاريه الغي رحلتي مو لازم اسافر,1648929726050758657,Geminigirl115,〰️,,60,♊️,3417,https://twitter.com/Geminigirl115,Thu Feb 20 11:22:01 +0000 2025,0,0,1,False,https://twitter.com/Geminigirl115/status/1892535174077854111,"""جاتني أفكار انتحارية""",جاتني,افكار انتحاريه,6,suicidal,
1853557849177419806,جاتني افكار انتحارية طيب ليش الساعة ١٢,1747514189373997056,goodgirlyaoi,God's favourite,"Grant them eternal rest
حساب ياوي وال bl ممنوع الماينورز",140,,5885,https://twitter.com/goodgirlyaoi,Mon Nov 04 22:00:03 +0000 2024,0,0,1,False,https://twitter.com/goodgirlyaoi/status/1853557849177419806,"""جاتني أفكار انتحارية""",جاتني,افكار انتحارية,1,suicidal,
1841762836839555131,ماقيد جاتني افكار انتحاريه كثر اليومين ذي,731986207,878J,█,لو م حتضيف لحياتي ضحكه لا تدخلها | 👨🏻‍🔧👷🏻‍♂️,5,,787,https://twitter.com/878J,Thu Oct 03 08:50:53 +0000 2024,0,0,0,False,https://twitter.com/878J/status/1841762836839555131,"""جاتني أفكار انتحارية""",جاتني,افكار انتحاريه,1,suicidal,
1803866621653524571,@ghadii__00 اذا جاتني افكار انتحاريه وجلست اتخير اي طريقه للموت اسهل اعرف انها بالطريق,1427438037437403141,ia_1000000,𓃠(ج),,97,السعودية محور الكون✨,8673,https://twitter.com/ia_1000000,Thu Jun 20 19:04:51 +0000 2024,0,0,0,False,https://twitter.com/ia_1000000/status/1803866621653524571,"""جاتني أفكار انتحارية""",جاتني,افكار انتحاريه,1,suicidal,
1781757508102619310,"كيف المكان هذا يكون سكن دوام
خافوا الله بالناس جلست دقيقه لحالي جاتني افكار انتحاريه من الكئابه https://t.co/UW86o6E0zL",1722173831278702592,Levrone_s,مطر,"""يغرق القبطان مع السفينة""",668,,44313,https://twitter.com/Levrone_s,Sat Apr 20 18:51:08 +0000 2024,0,0,7,False,https://twitter.com/Levrone_s/status/1781757508102619310,"""جاتني أفكار انتحارية""",جاتني,افكار انتحاريه,1,suicidal,
2012114578575065239,"مستغربه مره كيف ٢٠٢٥ عدت وانا مانتحرت حرفيًا اكثر سنه جاتني فيها افكار انتحاريه 
ليتني استجبت لهالفكره حياتي مالها اي معنى",1849215977373790208,iwillsurvvive,🐚,"vent account. 

                                                                              dnf, don’t interact !",17,🇪🇺 ,4937,https://twitter.com/iwillsurvvive,Fri Jan 16 10:47:53 +0000 2026,0,0,0,False,https://twitter.com/iwillsurvvive/status/2012114578575065239,"""جاتني أفكار انتحارية""",جاتني,افكار انتحاريه,6,suicidal,
1692498795584459149,@DrOptomistic07 @Sshaya11 انا من الطاقم الصحي و جاتني افكار انتحارية قوية لدرجة وضعت خطة... لولا الله ثم العلاج ثم دعم زملائي الله العالم فين كان بيكون حالي😅,3405258198,SummerOf1993,💓رفيف💓,"I long to ride a bike, dance, whistle, look at the world, feel young and know that I’m free",272,,37578,https://twitter.com/SummerOf1993,Fri Aug 18 11:28:52 +0000 2023,0,0,1,False,https://twitter.com/SummerOf1993/status/1692498795584459149,"""جاتني أفكار انتحارية""",جاتني,افكار انتحارية,1,suicidal,
1656236201118949378,@ll_vl9 المحاضرة طويله والدكتورة هنديه مين يقدر يلومني كويس ما جاتني افكار انتحارية,955172351238393857,llix1999,ْ,an angel but without wings,194,Al Madinah Al Munawwarah,1801,https://twitter.com/llix1999,Wed May 10 09:54:16 +0000 2023,0,0,0,False,https://twitter.com/llix1999/status/1656236201118949378,"""جاتني أفكار انتحارية""",جاتني,افكار انتحارية,1,suicidal,
1637163816411643905,"@seemo1___ @ScreenMix السترويدز منشطات تدخل فيها تركيبة هرمونات
ومن أعراض زيادة/عدم ضبط الهرمونات آثار عقليه/نفسيه
لكن الحبوب النفسيه آثارها ممكن مدمره لعقول البعض
تقريبا تشابه المخدرات .. صديقي صاده تساقط شعر
راح لطبيب جلديه قال حالتك نفسيه ووصف له حبوب
يقول أخذت نصف حبه جاتني أفكار انتحاريه 😐🤐",1266974408075350016,Monttnom1,الحقيقة فقط,"Engineer..photgrspher; designer  
...Temporary account ..",689,,21136,https://twitter.com/Monttnom1,Sat Mar 18 18:47:25 +0000 2023,0,0,0,False,https://twitter.com/Monttnom1/status/1637163816411643905,"""جاتني أفكار انتحارية""",جاتني,أفكار انتحاريه,1,suicidal,
1582060489483304960,@ManarElkady0 انا جالي suicidal ideation خلاص,1440656917802614790,Hanaaal17040156,Hanaa Ali,Nursing Student T.U,67,Tanta,90,https://twitter.com/Hanaaal17040156,Mon Oct 17 17:26:28 +0000 2022,0,0,1,False,https://twitter.com/Hanaaal17040156/status/1582060489483304960,"""جالي suicidal ideation""",جالي,suicidal ideation,1,suicidal,
913025750747484165,"13 reasons why ..
حرام كده والله جالي Suicidal tendencies من الحلقه الخامسه 😟😒",3201468742,ahmedielqadi,QaditOo 🇵🇸,pharmacist 💊😎 stop counting y.🗓 Just have a little faith and be grateful ..,283,مزرعه القصر  (Mansoura),2979,https://twitter.com/ahmedielqadi,Wed Sep 27 13:01:16 +0000 2017,0,2,2,False,https://twitter.com/ahmedielqadi/status/913025750747484165,"""جالي suicidal tendencies""",جالي,suicidal tendencies,1,suicidal,
1974419654170087571,@conchella__ بعد ما شربته جالي suicidal thoughts 🤣🤣,803295945861500928,rehamosman34,Regina phalange,"وانا في طريقي للسعادة الشبشب انقطع
https://t.co/XuIeA0EOsX
 A feminist and a total maniac",661,في الكنافة,48419,https://twitter.com/rehamosman34,Sat Oct 04 10:21:43 +0000 2025,0,0,0,False,https://twitter.com/rehamosman34/status/1974419654170087571,"""جالي suicidal thoughts""",جالي,suicidal thoughts,1,suicidal,
1860460226899484985,"اعتقد اني جالي suicidal thoughts لأسباب كتير قبل كدة
سواء اكتئاب أو مشاكل حاصله أو اي كان
بس اول مرة تجيلي من كتر ما انا confused من ناحيه حياتي كلها
ومطلوب مني حالا دلوقتي فورا اخد قرارات..
الحالة صعبه.",4913803763,URFAVHECATE,runawaywithyourlife.,لية الطريق طويل، أنا بغرق في التفاصيل..,212,"Alexandria, Egypt",3052,https://twitter.com/URFAVHECATE,Sat Nov 23 23:07:38 +0000 2024,0,0,0,False,https://twitter.com/URFAVHECATE/status/1860460226899484985,"""جالي suicidal thoughts""",جالي,suicidal thoughts,1,suicidal,
1270312625885327360,امبارح جالي حقيقي suicidal thoughts 😂 بقيت فخورة بنفسي 🙈,3307744362,nourmoustafa53,Nour Moustafa,"‏‏‏نايب  انف واذن ومش فاهمه ازاي والله 😂بس هي جت كده !!!   pray ,,,eat ,,,love ,,, 
وأخرجني من حولي وقوتي إلي حولك وقوتك يارب",736,"El Gharbia, Egypt",5539,https://twitter.com/nourmoustafa53,Tue Jun 09 11:11:45 +0000 2020,0,0,0,False,https://twitter.com/nourmoustafa53/status/1270312625885327360,"""جالي suicidal thoughts""",جالي,suicidal thoughts,7,suicidal,
1201264699507191810,بالمناسبة ده بول كنت عاملة قبل كدا و أنا شخصيا جالي suicidal thoughts في اسواء فترة في حياتي أيام تأجيل الباطنة,442081857,asker_jr,Mohamed Asker,an ordinary one,686,Egypt ,25447,https://twitter.com/asker_jr,Sun Dec 01 22:19:57 +0000 2019,0,0,1,False,https://twitter.com/asker_jr/status/1201264699507191810,"""جالي suicidal thoughts""",جالي,suicidal thoughts,1,suicidal,
1090027348148264960,"@Mk_Tobi انا اخر مرة جالي فيها suicidal thoughts كان ضرسي واجعني قبل امتحان النسا وكانت لحظة شيطان وراحت لحالها 
Idk why kol nas delwa2ty bttklm 3n suicidal thoughts btgelhom !",718859966329790464,mranda791,Randa🌻,"Lost on empty pages , the ink is already faded . 
6th year med student ,Ain Shams university",923,"Cairo, Egypt",14044,https://twitter.com/mranda791,Mon Jan 28 23:22:26 +0000 2019,0,1,1,False,https://twitter.com/mranda791/status/1090027348148264960,"""جالي suicidal thoughts""",جالي,suicidal thoughts,6,suicidal,
837633519136423939,مع ان عمر ما جالي suicidal thoughts تقريبا الا مره في حياتي مثلا :D,243246231,Bibars250,بيبرس,كنت عايز اغير العالم بس معرفش ايه اللي جابني هنا,190,,17291,https://twitter.com/Bibars250,Fri Mar 03 11:59:28 +0000 2017,0,0,0,False,https://twitter.com/Bibars250/status/837633519136423939,"""جالي suicidal thoughts""",جالي,suicidal thoughts,1,suicidal,
1981478057635352730,@eltabakh50 انا فاكر في اكتر فترة كنت burned out فيها و مفشوخ في الشغل و جالي افكار انتحارية لقيت نفسي جيه في دماغي اني لو موت مش هعرف اروح الشغل و انا مليش اجازات دلوقتي,1496130596166410248,Zaakria41,Professional weeb,Staring into the abyss.,1470,,10127,https://twitter.com/Zaakria41,Thu Oct 23 21:49:17 +0000 2025,1,69,2,False,https://twitter.com/Zaakria41/status/1981478057635352730,"""جالي أفكار انتحارية""",جالي,افكار انتحارية,1,suicidal,
1977780809907237150,"من شوية كنت في حالة من السعادة المفاجئة الغير مبررة او معروفة السبب لدرجة اني كنت هعيط
الغريب اني جالي على التوازي مع هذا افكار انتحارية
وحقيقي معدتش فاهم نفسي خالص لأنها أصبحت شديدة التعقيد والغرابة",1629168310989524992,omarsays_,Omar,"A lover of reading, history, drama, and old stuff.",4370,قاعد عالمكتب ,55710,https://twitter.com/omarsays_,Mon Oct 13 16:57:45 +0000 2025,0,0,0,False,https://twitter.com/omarsays_/status/1977780809907237150,"""جالي أفكار انتحارية""",جالي,افكار انتحارية,20,suicidal,
1927703870798459314,@averagegwoman انا نفسي اتسدت عن الحياة نفسها و جالي افكار انتحارية بعد ما شربتها 😂,803295945861500928,rehamosman34,Regina phalange,"وانا في طريقي للسعادة الشبشب انقطع
https://t.co/XuIeA0EOsX
 A feminist and a total maniac",661,في الكنافة,48419,https://twitter.com/rehamosman34,Wed May 28 12:29:52 +0000 2025,0,0,0,False,https://twitter.com/rehamosman34/status/1927703870798459314,"""جالي أفكار انتحارية""",جالي,افكار انتحارية,1,suicidal,
1770995962384716259,@MotazIII @tottuuss اه بنعمل ايه غلط بقي طلاما العيب فينا؟ معرفش يتتكلم في ايه انا واحده اصلا مبحبش اخرج في العادي و لما مخرجتش شهر كامل كنت شايفه حياتي سودا و جالي افكار انتحاريه (كانت اول مره تجيلي) و معرفتش ايه السبب لحد ما خرجت و فهمت ان المشكله كانت في البيت,1354913872721948674,janawhatsoever,ja,🇪🇬,58,She/her,996,https://twitter.com/janawhatsoever,Fri Mar 22 02:08:35 +0000 2024,0,1,1,False,https://twitter.com/janawhatsoever/status/1770995962384716259,"""جالي أفكار انتحارية""",جالي,افكار انتحاريه,1,suicidal,
1676343391343263745,انا واحدة جالي anxiety و افكار انتحاريه فوق الي الاكتئاب الي كان عندى مكنتش بنام و لا باكل من الرعب و اتعنفت من اهلي بسبب خوفي الزيادة و فوق كل ده كان المفروض انزل امتحان و قاعدة اسابيع في اوضتي مش بكلم مخلوق فاه كانت تروما يا ك$مك,3394956777,Iamsingleladyx,Mira,No thoughts only tears,290,,5014,https://twitter.com/Iamsingleladyx,Tue Jul 04 21:33:04 +0000 2023,0,0,0,False,https://twitter.com/Iamsingleladyx/status/1676343391343263745,"""جالي أفكار انتحارية""",جالي,افكار انتحاريه,11,suicidal,
1120022045478281216,@jtalafha طبعاً هنا كرهت نفسي و جاني suicidal thoughts😭😭😭😭😭😂💔 https://t.co/DOyvNapdqC,796423327,noosa_ja,Wenas 💎,An occupational therapist & a mother #فاطمة_المغربي #وضاح_عسيري,602,Jeddah,15924,https://twitter.com/noosa_ja,Sun Apr 21 17:50:39 +0000 2019,0,1,1,False,https://twitter.com/noosa_ja/status/1120022045478281216,"""جاني suicidal thoughts""",جاني,suicidal thoughts,1,suicidal,
1931174430765363701,عندي جرح وراء رقبتي كأنه جرح مشرط ولا ادري وش سببه فجأه جاني...اظافري قصيره ولا عندي افكار انتحاريه ولاعمر شي كذا جاني ++ شعري فوق كتوفي...صديقاتي يقولون اقري على نفسك يمكن شيء بغرفتك☠️☠️☠️,1868993028494397440,CATDAIRS,unreal,The candy that you can't have and the Queen of Anger Issues  |☼♏︎|↑♋︎|☾♎︎| #INTJ #Sapiosexual #Antinatalism #LGBTQ #Feminist,56,Hell,1942,https://twitter.com/CATDAIRS,Sat Jun 07 02:20:38 +0000 2025,0,0,0,False,https://twitter.com/CATDAIRS/status/1931174430765363701,"""جاني أفكار انتحارية""",عندي,افكار انتحاريه,1,suicidal,
1908904235384570093,"@A91_11 سنويتي اللي قمر عقرب اسوء سنوية جاني اكتئاب و افكار انتحاريه ما صدقت خلصت 
الحمدالله على قمر القوس بس",1667676506338852871,mriu27,مريم,,93,,2898,https://twitter.com/mriu27,Sun Apr 06 15:26:50 +0000 2025,0,1,0,False,https://twitter.com/mriu27/status/1908904235384570093,"""جاني أفكار انتحارية""",جاني,افكار انتحاريه,10,suicidal,
1085861054213775365,دخلت حساب Ga*lic Vi*amin بالغلط و جاني غثيان و قرحة بالمعدة و افكار انتحارية,869921430699487232,commieeedolphin,Commie Killer Dolphin,,595,,9526,https://twitter.com/commieeedolphin,Thu Jan 17 11:27:04 +0000 2019,0,0,1,False,https://twitter.com/commieeedolphin/status/1085861054213775365,"""جاني أفكار انتحارية""",جاني,افكار انتحارية,24,suicidal,
1445341462439333892,و طلع فعلا معاة حق ان انا مفرقتش مع الشخص علي رغم انة كان بيقرأ كل حاجة بكتبها منها حرفياً اني كان عندي suicidal thoughts و سابني ليها عادي..,1261767727632564225,rosiemagdii,rou,,1515,,15087,https://twitter.com/rosiemagdii,Tue Oct 05 10:53:52 +0000 2021,0,0,0,False,https://twitter.com/rosiemagdii/status/1445341462439333892,"""طلع عندي suicidal thoughts""",عندي,suicidal thoughts,1,suicidal,
606029219248926720,"طلع عندي sever depression و suicidal thoughts 󾌴󾌴
الله 󾍁 http://t.co/sndAZFDuZl",248653249,___Hend___,حوّا,"Some people hear their own inner voices with great clearness and they live by what they hear.Such people become crazy, or they become legends !!",321,egypt,11997,https://twitter.com/___Hend___,Wed Jun 03 09:26:40 +0000 2015,0,0,0,False,https://twitter.com/___Hend___/status/606029219248926720,"""طلع عندي suicidal thoughts""",طلع عندي,suicidal thoughts,20,suicidal,
2010570204955521048,"أمي يوم شافت قائمة بحث قوقل وعمري ١٣ وكنت كاتبه مين يموت اسرع من العطش ولا الجوع 
من الحر ولا البرد وقالت 👌🏻 وش طلع لك الجواب؟
يمكن لو كنت عند عائلة امريكية ودوني لثيربست ودفعوا ٥ الاف عشانهم شكوا أن عندي افكار انتحارية",1970690712225361920,Igetbonuspoints,(••(),احيانا احس اني,4063,,4695,https://twitter.com/Igetbonuspoints,Mon Jan 12 04:31:06 +0000 2026,5,1283,5,False,https://twitter.com/Igetbonuspoints/status/2010570204955521048,"""طلع عندي أفكار انتحارية""",عندي,افكار انتحارية,1,suicidal,
1934410539792208077,@Yukitsuukumo طلع لي راينر شكل عندي افكار انتحارية,1862205177035440128,Risgain,¥,Straight forward to rise again,110,North of Westeros,19406,https://twitter.com/Risgain,Mon Jun 16 00:39:46 +0000 2025,0,0,0,False,https://twitter.com/Risgain/status/1934410539792208077,"""طلع عندي أفكار انتحارية""",عندي,افكار انتحارية,1,suicidal,
1893726490430161341,"طلعت عندي أفكار انتحارية وانا ماادري 🙂😅
وش يصير اذا فتحت باب سيارة وهي تمشي..
ولا إذا  قفزت من الطابق الثالث من بيتنا...
أو  لبست عباءة اخي وطلعت اتمشى بالليل بقريتنا.....🚶‍♀️",1734040314342424577,S0oo0ol,نٓـشمٖــــيةٰ ✺🇩🇿 ✺,"♡DM مغلق♡
 فـيني شمُـوخ الخيل وفيني عنـاده
وفيني عزّة النفس حد السما وزياده🐎♥️
 
Algeria 🇩🇿❣️",270,,2460,https://twitter.com/S0oo0ol,Sun Feb 23 18:15:53 +0000 2025,0,1,2,False,https://twitter.com/S0oo0ol/status/1893726490430161341,"""طلعت عندي أفكار انتحارية""",طلعت عندي,أفكار انتحارية,1,suicidal,
1490124301957312512,"حتى اذكر يوم اخدت النتيجة ونقاطي كانت نزلت للحضيض محد عاتبني ولما طلعت لسطح البيت عشان ابكي لحالي ""وما اكذب ان كانت عندي افكار انتحارية"" لقيتهم كلهم طالعين يجروا عندي و يقنعوني ان نقاطي مو سيئة مره
بس مو قادره الحين اقولهم اذا شافوا كتابي ذاك😅",2714603165,sujuI0I,Don'faith 🍀 دونفيت,📉👩‍💻,5782,🇲🇦,218132,https://twitter.com/sujuI0I,Sun Feb 06 00:44:53 +0000 2022,0,0,2,False,https://twitter.com/sujuI0I/status/1490124301957312512,"""طلعت عندي أفكار انتحارية""",عندي,افكار انتحارية,1,suicidal,
1377649725718065152,@Ba3bool1 كل ما اتذكر انه حجزت تذكرة على الاسكندرية و بس طلعلي باليرموك بطلت بيجني افكار انتحارية 😂,902501825223553029,ObeidatNader,Nader Obeidat,Yu Medicine 💉🩺,104,,241,https://twitter.com/ObeidatNader,Thu Apr 01 15:51:04 +0000 2021,0,0,1,False,https://twitter.com/ObeidatNader/status/1377649725718065152,"""طلعلي أفكار انتحارية""",طلعلي,افكار انتحارية,21,suicidal,
1998861138541556079,عندي suicidal ideation اكتر من البيشنت نفسه,1952472288051462144,sadd621418,لقد ارهقني الكتمان,,1,,38,https://twitter.com/sadd621418,Wed Dec 10 21:03:27 +0000 2025,0,0,0,False,https://twitter.com/sadd621418/status/1998861138541556079,"""عندي suicidal ideation""",عندي,suicidal ideation,1,suicidal,
1222944859495051266,@kaichanyol12 ديصير عندي suicidal ideation بسبب هالفترة🌚💔,1410896215,ahmed0hussein0,Ahmed Hussein,-A tech nerd & PC enthusiast who happens to be a doctor and a teaching assistant at B.U.C.O.M || مُعيد في كلية الطب,442,Iraq/Hillah,2323,https://twitter.com/ahmed0hussein0,Thu Jan 30 18:09:10 +0000 2020,0,1,1,False,https://twitter.com/ahmed0hussein0/status/1222944859495051266,"""عندي suicidal ideation""",عندي,suicidal ideation,1,suicidal,
2025978751603876086,فالفترة اللي كان عندي suicidal thoughts  كنت عايزة انتحر بأكتر طريقة مؤذية ليا أو بخاف منها كعقاب ليهم خخ,1678083691157880833,shiiimmmaa,SH.SH.,مازلت أبحث عن شئ حين ضاع.. ضيعني.,145,,2999,https://twitter.com/shiiimmmaa,Mon Feb 23 16:59:09 +0000 2026,0,1,1,False,https://twitter.com/shiiimmmaa/status/2025978751603876086,"""عندي suicidal thoughts""",عندي,suicidal thoughts,1,suicidal,
1982548478711714064,@n48v_ ههههههههههه لا لا غير مرئية مره مختلف عن هذا المفهوم، هو كان مرتبط عندي باليأس والاكتئاب وال Suicidal thoughts بسبب طفولتي المهمشة كنت اشوف حياتي مالها داعي لدرجة محد كان يشوفني او يرد لي الصوت لين الحمدلله كل شيء تيسر وتسهل,1658874630650593282,lilyruee,Lily 𓏲ּ ᥫ᭡ ˑ ❀,,25558,لا احلل استخدام صوري  | جدة 📍,9000,https://twitter.com/lilyruee,Sun Oct 26 20:42:45 +0000 2025,0,54,1,False,https://twitter.com/lilyruee/status/1982548478711714064,"""عندي suicidal thoughts""",عندي,suicidal thoughts,22,suicidal,
1962687129252741379,عندي suicidal thoughts اليوم,1958647518939484160,vagueDPi,+886 709 CBi,,253,🏯,1718,https://twitter.com/vagueDPi,Tue Sep 02 01:20:51 +0000 2025,0,0,2,False,https://twitter.com/vagueDPi/status/1962687129252741379,"""عندي suicidal thoughts""",عندي,suicidal thoughts,1,suicidal,
1946214797697049003,اليومين دول طول الوقت عندي suicidal thoughts كتير مع احساس بالوحدة وفي نفس الوقت التعامل مع البشر مرهق,1848044879626047488,rabdellteaf,Rahma El medany,السمك صحاب مش طواجن💙,87,,4179,https://twitter.com/rabdellteaf,Fri Jul 18 14:25:41 +0000 2025,0,1,0,False,https://twitter.com/rabdellteaf/status/1946214797697049003,"""عندي suicidal thoughts""",عندي,suicidal thoughts,1,suicidal,
1921110779291419135,"صار عندي suicidal thoughts  
صرت ابي اطاقق مع عاملتنا الاثيوبيه وهي طولي مرتين",1415335400042860546,user010599,???,follow = block,0,,2396,https://twitter.com/user010599,Sat May 10 07:51:16 +0000 2025,0,0,0,False,https://twitter.com/user010599/status/1921110779291419135,"""عندي suicidal thoughts""",عندي,suicidal thoughts,1,suicidal,
1921073564217671975,عندي suicidal thoughts عايزة اوزعها علي كل الناس ونرتاح كلنا,1667918306571870209,laqueesophia,سعاد حزني,~.nah.,517,,3047,https://twitter.com/laqueesophia,Sat May 10 05:23:24 +0000 2025,0,3,0,False,https://twitter.com/laqueesophia/status/1921073564217671975,"""عندي suicidal thoughts""",عندي,suicidal thoughts,1,suicidal,
1916792015641055633,"قلة النوم بتخليني في اصعب مود و جسمي بيكون بيوجعمي و ببقى مقريفة أوي
بقالي 3 أيام منمتش كويس بسبب الشغل و صاحية عندي suicidal thoughts",1828951338090123264,lily_yyss,خُلود,بنوتة مصرية بتجري ورا أحلامها الصبح و بتكتب عنهم بالليل,14336,in my store ,19451,https://twitter.com/lily_yyss,Mon Apr 28 09:50:03 +0000 2025,3,77,2,False,https://twitter.com/lily_yyss/status/1916792015641055633,"""عندي suicidal thoughts""",عندي,suicidal thoughts,1,suicidal,
2024563753627316245,"@nahlamohammed6 @iHamadFahad7 حاولت الخروج مرارا و تكرارا 
و ضغطت على نفسي اني انفتح على الناس برا و أكون صداقات و اشتغل و لكن في كل مرة يصير موقف يعكس اني ما عندي ذكاء اجتماعي و عاطفي و احس بالفشل و يرجع ينتكس وضعي اكثر من الأول 

حاليا عندي افكار انتحاريه مع عدم القدره على التنفيذ 
عذاب مزمن 😭💔",1543259488068722688,Eldorado3705,ماريا,,54,,4728,https://twitter.com/Eldorado3705,Thu Feb 19 19:16:28 +0000 2026,0,0,2,False,https://twitter.com/Eldorado3705/status/2024563753627316245,"""عندي أفكار انتحارية""",عندي,افكار انتحاريه,1,suicidal,
2023870755348640097,عندي افكار انتحاريه خطيره,1924422635942707200,KhmysA34740,Khamis 7070,حدي نظر,5,سلطنة عمان,399,https://twitter.com/KhmysA34740,Tue Feb 17 21:22:44 +0000 2026,0,0,0,False,https://twitter.com/KhmysA34740/status/2023870755348640097,"""عندي أفكار انتحارية""",عندي,افكار انتحاريه,1,suicidal,
2022696668093911309,صحيت وانا عندي افكار انتحارية,1793646298073018368,lovmll8,.,˙ .☘︎ ݁˖ᵕ˙ gw39 𓏸,142,🕯️,2930,https://twitter.com/lovmll8,Sat Feb 14 15:37:20 +0000 2026,0,0,0,False,https://twitter.com/lovmll8/status/2022696668093911309,"""عندي أفكار انتحارية""",انا عندي,افكار انتحارية,1,suicidal,
2022368137606213939,والله وبالله وتالله ان عندي افكار انتحاريه لان الزنا اللي قاعد يصير مو منطقي سويت كل شي,1919490541395361792,NahidoLose,𓂃⋆.˚,one day im gonna grow wings,1,,232,https://twitter.com/NahidoLose,Fri Feb 13 17:51:52 +0000 2026,0,0,0,False,https://twitter.com/NahidoLose/status/2022368137606213939,"""عندي أفكار انتحارية""",عندي,افكار انتحاريه,1,suicidal,
2021348890281411022,"صحيح عندي افكار انتحاريه 
لكن مؤجلة 
بس الموت ماعاد يخوف",2007109648495841280,iseecatonly,&,As told by me,379,,1316,https://twitter.com/iseecatonly,Tue Feb 10 22:21:44 +0000 2026,1,5,0,False,https://twitter.com/iseecatonly/status/2021348890281411022,"""عندي أفكار انتحارية""",عندي,افكار انتحاريه,1,suicidal,
2020481838590873974,من الصبح وأنا عندي أفكار انتحارية ( بفكر اني أعمل ماسترز تاني).,337029428,do2do2a_H,Diva🌻,I Dream. Sometimes I think that’s the only right thing to do. A #Leo #Brunette #Dentist #Diva,1027,"Cairo, Egypt",63173,https://twitter.com/do2do2a_H,Sun Feb 08 12:56:23 +0000 2026,0,2,0,False,https://twitter.com/do2do2a_H/status/2020481838590873974,"""عندي أفكار انتحارية""",أنا عندي,أفكار انتحارية,1,suicidal,
2018683990765445383,صفاتي وانا عندي افكار انتحارية,1870331740029587456,1PeacefulPath,عشتار,,202,,3093,https://twitter.com/1PeacefulPath,Tue Feb 03 13:52:23 +0000 2026,0,0,1,False,https://twitter.com/1PeacefulPath/status/2018683990765445383,"""عندي أفكار انتحارية""",انا عندي,افكار انتحارية,1,suicidal,
2018610054170321344,احب كيف اني اهتم بشكلي لدرجه جنونيه وانا عندي افكار انتحاريه يعني مره كوين الصراحه,1761941840205348864,verywahmy,N,-femme fatale,72,,284,https://twitter.com/verywahmy,Tue Feb 03 08:58:35 +0000 2026,1,0,0,False,https://twitter.com/verywahmy/status/2018610054170321344,"""عندي أفكار انتحارية""",انا عندي,افكار انتحاريه,1,suicidal,
2016875437935271982,"دواء لبعض انواع الصرع لعلاج مشكلة الأعصاب والتنمل في الاقدام 🤪🤪🤪

تنمل و وخز في القدمين هذي مشكلة سهلة الحل في الطب الصيني لو تم تشخيصها بشكل سليم و معرفة سبب المشكلة و والدتي حفظها الله كانت تعاني منها والحمد شفيت منها

اتذكر مريض عندي استخدم نوليكس و جاب له افكار انتحارية .. https://t.co/MG8204wYQG",1001187806,dr_mohammedsaid,د. محمد سعيد طب بديل,اول مبتعث حاصل على الدكتوراه في الطب بديل بالاعشاب(شهاداتي العلمية في الصور ماعندي وصفة بدون كشف الخاص مهمل.جوال 0567143266 بعد العصر إلى 2  صباحا اتصال فقط,60390,"جدة, المملكة العربية السعودية",15788,https://twitter.com/dr_mohammedsaid,Thu Jan 29 14:05:50 +0000 2026,2,20,3,False,https://twitter.com/dr_mohammedsaid/status/2016875437935271982,"""عندي أفكار انتحارية""",عندي,افكار انتحارية,24,suicidal,
2014839786003898527,بنات عندي افكار انتحاريه وما اعرف وش اسوي احس بأي لحظه راح اسويها ساعدوني,2000098361672912896,lfiji3,َ,,0,,1,https://twitter.com/lfiji3,Fri Jan 23 23:16:53 +0000 2026,0,3,2,False,https://twitter.com/lfiji3/status/2014839786003898527,"""عندي أفكار انتحارية""",عندي,افكار انتحاريه,1,suicidal,
2011971374600880622,لما باجي هنا بعرف اني اولا ف مكان وحش اوي و ثانياً عندي افكار انتحارية,1719998168652283904,__innerchild_1,⋆˖ ࣪⭑,اكاونت للصياح و التقلبات المزاجية فقط,15,,449,https://twitter.com/__innerchild_1,Fri Jan 16 01:18:50 +0000 2026,0,0,0,False,https://twitter.com/__innerchild_1/status/2011971374600880622,"""عندي أفكار انتحارية""",عندي,افكار انتحارية,1,suicidal,
2011176289903009813,مزه بس عندي افكار انتحاريه,1787925549710454784,khfagagirl,خفاجه (النسخه المؤنثه),انت بهيمه يابا؟,1420,ف بيت زبي,4573,https://twitter.com/khfagagirl,Tue Jan 13 20:39:28 +0000 2026,0,1,0,False,https://twitter.com/khfagagirl/status/2011176289903009813,"""عندي أفكار انتحارية""",عندي,افكار انتحاريه,1,suicidal,
2021697135041749157,"@WitchKnowsAll منجد رمضان اللي فات اسوأ رمضان مر علي بحياتي كلها لان كان اول رمضان وانا عاطله
حرفيا كان عندي افكار انتحاريه بس الله انقذني",1667719948477538304,26November26,النايفه☀︎,قمحة تطمح أن تكون حقلاً,30,,3136,https://twitter.com/26November26,Wed Feb 11 21:25:32 +0000 2026,0,0,0,False,https://twitter.com/26November26/status/2021697135041749157,"""عندي أفكار انتحاريه""",عندي,افكار انتحاريه,1,suicidal,
1072123022016954368,بدا عندي الفكر الانتحاري من سنتين او زيادة لكن ما تطور وزاد عن الأفكار لمحاولة ، وما فيه اي سبب واضح له وهالشيء يخليني… — بليز دوري رقم اخصائي نفسي وكلميه قبل لا يتطور بليز سويها بأسرع وقت ممكن https://t.co/YpXye4QqAE,1144344848,_kiinako,شمس الشمّوسة ☀️,artist ✨ graphic designer . 1/4 stylist . يوميات,3504,Bahrain ,109321,https://twitter.com/_kiinako,Mon Dec 10 13:37:02 +0000 2018,0,0,0,False,https://twitter.com/_kiinako/status/1072123022016954368,"""عندي الفكر الانتحاري""",عندي,الفكر الانتحاري,1,suicidal,
896532638831448064,"عندي ميول عنيفه و فكر انتحاري 
اوباا الماتش خلص يلا نطفي الاتاري 
عليكوا تخفيض و لسه العرض ساري 
 بتخبي وشك و انتي مني بتتداري",2228091608,Galaxy_Elbaba,kawkab 5rabton,كوكب خربتون  كوكب المتمردين  انضم الي كوكب خرتون وشوف  حياتك هتتغير ازاي,4,,3259,https://twitter.com/Galaxy_Elbaba,Sun Aug 13 00:43:32 +0000 2017,0,0,0,False,https://twitter.com/Galaxy_Elbaba/status/896532638831448064,"""عندي فكر انتحاري""",عندي,فكر انتحاري,14,suicidal,
2022981816727318868,مافي شعور يبعث فيني افكار انتحارية كثر الاحراج,1646480594073690119,chinonain,shiv,🇸🇩,5,,57,https://twitter.com/chinonain,Sun Feb 15 10:30:24 +0000 2026,0,0,1,False,https://twitter.com/chinonain/status/2022981816727318868,"""فيني أفكار انتحارية""",فيني,افكار انتحارية,1,suicidal,
1981320135857086784,شكلك بعد ماطلعت من عند دكتورك النفسي ورحت النادي تتسبح ثم توقف بنص المسبح يعني شيكلي على الاستقرار العقلي والنفسي ومستحيل اروح لشخص يسفل فيني مرا ثانية ولا راح تجيني افكار انتحارية  مرا ثانيه ويلا قفل ملفي بالمستشفى https://t.co/y7JxiZvTEQ,1949333236494061568,youresooorudee,@ka💢,.66,30,,1975,https://twitter.com/youresooorudee,Thu Oct 23 11:21:46 +0000 2025,0,5,1,False,https://twitter.com/youresooorudee/status/1981320135857086784,"""فيني أفكار انتحارية""",فيني,افكار انتحارية,25,suicidal,
1912342085845340197,@nogoalhere لي اسبوع فيني افكار انتحاريه وللان ما نزلت يارب تنزل 😵😰,1786647321930788864,90Bashay3019,Bisho,,39,,1156,https://twitter.com/90Bashay3019,Wed Apr 16 03:07:37 +0000 2025,0,1,1,False,https://twitter.com/90Bashay3019/status/1912342085845340197,"""فيني أفكار انتحارية""",فيني,افكار انتحاريه,1,suicidal,
1909703325152690404,"@ajaberalsalamah اي مو معقولة كثرة اعداد البنات الي يقولون احنا حديات
يصير فيني معقوله هذيلا كلهم عندهم افكار انتحارية وادمان مواد وتعدد علاقات محرمة!!
في شي غلط",1489268314887053318,Shrefa_335,Dr. Soft-heart,,271,Kuwait,3383,https://twitter.com/Shrefa_335,Tue Apr 08 20:22:07 +0000 2025,0,1,0,False,https://twitter.com/Shrefa_335/status/1909703325152690404,"""فيني أفكار انتحارية""",فيني,افكار انتحارية,25,suicidal,
1860602139858387040,فيني جنون عظمة و افكار انتحارية بنفس الوقت الشهر ذا متعب,1373919592494592005,yell0wbelle,♡˚✧ tulip ✧˚♡,23,408,,10676,https://twitter.com/yell0wbelle,Sun Nov 24 08:31:33 +0000 2024,0,0,0,False,https://twitter.com/yell0wbelle/status/1860602139858387040,"""فيني أفكار انتحارية""",فيني,افكار انتحارية,13,suicidal,
1852879287763820933,اجواء الليل بالشتاء رائعة ومثالية لكن فيها جانب لئيم، وهو انها تعزز في داخلي حب الحياة والتناغم معها وبعد ساعة تستدعي فيني أفكار انتحاريه,1268235581198303232,s_i108,.,لنْ تستطيع معي صبرا. https://t.co/XG0lUFgaIy,82,,4003,https://twitter.com/s_i108,Sun Nov 03 01:03:41 +0000 2024,0,1,0,False,https://twitter.com/s_i108/status/1852879287763820933,"""فيني أفكار انتحارية""",فيني,أفكار انتحاريه,1,suicidal,
1678638806096830465,فيني مليونين مرض و للحين ما التزم بعلاجاتي الظاهر فيني فكر انتحاري او شيي,1088799192812871680,whoisfares,fares ⚖️🇸🇦,hopelessly devoted to you,51,among the stars,2781,https://twitter.com/whoisfares,Tue Jul 11 05:34:13 +0000 2023,0,0,0,False,https://twitter.com/whoisfares/status/1678638806096830465,"""فيني فكر انتحاري""",فيني,فكر انتحاري,1,suicidal,
1408513962702950405,انا مش مكتئبه ولا كئيبه بس دايما عندي افكار انتحاريه وتخيلات عن الهروب من الوضع المزري بتعجل الاختفاء البيولوجي الحتمي لكل كائن حي. از ذات اثينج بجا,1242961306103287808,muffinthoughts2,🔇,approaching shadow.,147,,8399,https://twitter.com/muffinthoughts2,Fri Jun 25 19:54:32 +0000 2021,0,1,0,False,https://twitter.com/muffinthoughts2/status/1408513962702950405,"""كاين عندي أفكار انتحارية""",عندي,افكار انتحاريه,1,suicidal,
1926365237696970831,واستمر بالعلاج ولا تقطعه والعبادات إياك إياك تتوقف عنها متى ما وقفت قطعت الحبل الوحيد الي يبقيك بالدنيا كشخص مصاب بأفكار انتحارية,1898515678233088000,VITHICK8,إبراهيم,,49,سُر من رأى,1340,https://twitter.com/VITHICK8,Sat May 24 19:50:37 +0000 2025,0,0,1,False,https://twitter.com/VITHICK8/status/1926365237696970831,"""كشخص مصاب بأفكار انتحارية""",كشخص مصاب,أفكار انتحارية,1,suicidal,
1036699472439517185,"@omar_M_mattar @DinaaaTarek @ahmedkadry92 @MoTeleb94 مطر أنت شايف نفسك مش كئيب ؟؟
احنا بنتبلي عليك ؟
كون أن في قدري كئيب لا ينفي عدميتك في شئ 😅
طيب تخيل أنت دكتور psychiatry و جالك مريض ب suicidal thoughts قولي اية أول حاجة هتقولها له ؟",1170446143,MoustafaSamy4,Moustafa Samy,ICU Resident at Kasr alainy🏥 football fan⚽ movies and series🍿Travelling is my dream✈️,589,,5760,https://twitter.com/MoustafaSamy4,Mon Sep 03 19:36:29 +0000 2018,0,1,1,False,https://twitter.com/MoustafaSamy4/status/1036699472439517185,"""مريض ب suicidal thoughts""",مريض,suicidal thoughts,1,suicidal,
1717775766501355620,"@_Evate1 وغالباً بيكون السبب أفكار انتحارية بالإضافة للأفكار اللي حكاها ممكن تزيد دور الشرطة بالموضوع، بس أي طبيب نفسي بيجيه مريض بأفكار انتحارية حقيقية لازم يبلغ وإلا لو انتحر فعلاً هو المسؤول

بيحطوه بالمشفى النفسي، ولحتى يطلع لازم موافقة الأطباء، وبعدين ازا بدها تتدخل الشرطة بيحقلها",1304806868670386178,3amerAase,3aÄäse,فرد,1041,,18774,https://twitter.com/3amerAase,Fri Oct 27 05:30:32 +0000 2023,0,0,1,False,https://twitter.com/3amerAase/status/1717775766501355620,"""مريض بأفكار انتحارية""",مريض,أفكار انتحارية,1,suicidal,
1213518069613649922,انتحار دكتور نفسى بعد معالجة مريض مصاب بأفكار انتحاريه,831178445782663171,alaamansour66,Alaa Mansour ~ علاء منصور,"Find a job you enjoy doing, and you will never have to work a day in your life ♥️",33723,MANSOURA,64711,https://twitter.com/alaamansour66,Sat Jan 04 17:50:28 +0000 2020,0,2,0,False,https://twitter.com/alaamansour66/status/1213518069613649922,"""مريض بأفكار انتحارية""",مريض,أفكار انتحاريه,6,suicidal,
1017294147529605120,"1️⃣
هنا دراسة حديثة نُشرت بالأمس توضح أهمية وسائل الوقاية من #الانتحار بأفكار فعالة و تدعم فكرة #الخط_السعودي_للوقايه_من_الانتحار

الدراسة قاست فعالية بعض التدخلات الوقائية بعد تصريح الخروج ل١٦٤٠ مريض حضروا للطوارئ بأفكار انتحارية و تم تقييمها أنها لا تحتاج للتنويم

يُتبع https://t.co/vpWy3shPJ2",835835431023411200,Lodonah,لُدونة,أحدث الدراسات بمجال الطب النفسي، موجه للعاملين بمجال الطب النفسي، من مشاريعنا بودكاست يوثايميا @PodEuthymia ونعمل معًا تحت منصة #إمعان @Emaanplatform,14833,info@emaanpodcasts.com,2485,https://twitter.com/Lodonah,Thu Jul 12 06:26:39 +0000 2018,19,39,1,False,https://twitter.com/Lodonah/status/1017294147529605120,"""مريض بأفكار انتحارية""",مريض,أفكار انتحارية,15,suicidal,
1960644080934744333,@habhob28 و معايا. Suicidal thoughts,1897051346781585408,Abanoubtt,ايه الزنا اللي انا فيه دا,CEO AT ✨ overthinking ✨,125,,4158,https://twitter.com/Abanoubtt,Wed Aug 27 10:02:30 +0000 2025,0,0,0,False,https://twitter.com/Abanoubtt/status/1960644080934744333,"""معايا suicidal thoughts""",معايا,suicidal thoughts,2,suicidal,
1589359543615918081,في طريقي للواقع سحبت معايا Suicidal thoughts  تدوق؟,1445128557647249416,ahmedEL16739969,ahmed EL mansy,"MR. Vengeance.
💊🥼",161,Egypt,1309,https://twitter.com/ahmedEL16739969,Sun Nov 06 20:50:18 +0000 2022,0,1,0,False,https://twitter.com/ahmedEL16739969/status/1589359543615918081,"""معايا suicidal thoughts""",معايا,suicidal thoughts,1,suicidal,
1408528119498264579,@WTFDIANDRA عمل معايا كده على بوست من ٥ سنين كانت صورة مصاصة جواها شفرة وشاف ان عندي suicidal thoughts و محتاجة مساعدة وماينفعش انزل حاجة. واللي هو لو كان عندي suicidal thoughts كان زماني بتحاسب دلوقتي لسة فاكر!,1950124166,Linaaaoow,لينا,مش عايزة صداع هنا.,23290,,118367,https://twitter.com/Linaaaoow,Fri Jun 25 20:50:47 +0000 2021,0,1,1,False,https://twitter.com/Linaaaoow/status/1408528119498264579,"""معايا suicidal thoughts""",عندي,suicidal thoughts,1,suicidal,
1297846995516829700,@crumbledhero هو اشتغل معايا بالعكس جابلي suicidal thoughts 😂,796450327960702976,heidiashraff,أم دليلة,يلا معلش,1834,الشجرة اللي قلبوها نخلة ,24796,https://twitter.com/heidiashraff,Mon Aug 24 10:43:31 +0000 2020,0,0,0,False,https://twitter.com/heidiashraff/status/1297846995516829700,"""معايا suicidal thoughts""",معايا,suicidal thoughts,14,suicidal,
1239015111009939456,مش كنت سمعت كلامهم واتجوزت كنت لاقيت حد يشاركني حابسة الشقة والخمسين مسلسل وفيلم اللي شوفتهم لحد دلوقتي والميت فنجان قهوة اللي شربتهم ويواجه معايا ال suicidal thoughts بدل ما انا بحاربها لوحدي الله يسامحها بقى ال insecurities رفضت الفكرة,390158268,MDduo,it's dark inside,"Out of sight - IG:
https://t.co/My4JH8q2s5",132663,"Giza, Egypt",21090,https://twitter.com/MDduo,Sun Mar 15 02:26:36 +0000 2020,0,14,0,False,https://twitter.com/MDduo/status/1239015111009939456,"""معايا suicidal thoughts""",معايا,suicidal thoughts,4,suicidal,
1237337979884101634,شاركوا كدا معايا ال suicidal thoughts بتيجي للإنسان أكتر لو ..,747047435759915008,yomna2111,أفـروديت•,,1990,,15203,https://twitter.com/yomna2111,Tue Mar 10 11:22:17 +0000 2020,0,0,0,False,https://twitter.com/yomna2111/status/1237337979884101634,"""معايا suicidal thoughts""",معايا,suicidal thoughts,4,suicidal,
1863406696212594823,@BassantMaximus بتضحك؟!! انا بتوصل معايا ل افكار انتحارية انتو بتقولو ايه بجد 😭,1474876213579726856,Sara58e,س,,915,,10726,https://twitter.com/Sara58e,Mon Dec 02 02:15:51 +0000 2024,0,1,0,False,https://twitter.com/Sara58e/status/1863406696212594823,"""معايا أفكار انتحارية""",معايا,افكار انتحارية,3,suicidal,
1852813849990172937,"هسأل شوية اسئله بسألهم لنفسي كل ليله ومش لاقيلهم اجابة فاللي يعرف اجابتهم يقولي عشان (انا اتجننت)
هيا ليه بتعمل كده 
طالما مش حباني ليه كانت بتابع اخباري ودائما تسأل 
ليه في وقت مكانت عندي افكار انتحاريه كانت بتبعت 
ليه كانت بتسأل اسأله بصيغة انها حد تاني 
ليه بتعمل معايا كده !",1618241536323424256,m2r0s,Mano 1️⃣,you can't lose something you never had IDk,2393,"Sohag, Egypt",7219,https://twitter.com/m2r0s,Sat Nov 02 20:43:40 +0000 2024,0,6,4,False,https://twitter.com/m2r0s/status/1852813849990172937,"""معايا أفكار انتحارية""",عندي,افكار انتحاريه,1,suicidal,
1837799715745722621,لا بجد كمية الضغط والامور اللي بتحصل معايا ابتدت تدخل في دماغي افكار انتحاريه ربنا ينجدني من دماغي الفتره دي او الكام اسبوع دول عشان ما اخلصش علي نفسي والله,1618241536323424256,m2r0s,Mano 1️⃣,you can't lose something you never had IDk,2393,"Sohag, Egypt",7219,https://twitter.com/m2r0s,Sun Sep 22 10:22:51 +0000 2024,0,10,1,False,https://twitter.com/m2r0s/status/1837799715745722621,"""معايا أفكار انتحارية""",معايا,افكار انتحاريه,21,suicidal,
1744525966267847133,معايا ثفقة كُره ذات على شوية افكار انتحارية اقول لا يخواتي,1247972070841036801,Asmaa_3omar,Asmaa,,1237,,3114,https://twitter.com/Asmaa_3omar,Tue Jan 09 01:06:16 +0000 2024,0,11,0,False,https://twitter.com/Asmaa_3omar/status/1744525966267847133,"""معايا أفكار انتحارية""",معايا,افكار انتحارية,24,suicidal,
1733997061559800068,@ibrahemadrid15 الموضوع ده بقاله كام يوم قالب معايا افكار انتحاريه ، لعنه و ذل لمده ست سنين ، ك:: دي بلد,1427723278869803013,SpeedPulse2790,كولونيل اورليانو بوينديا,,392,,56044,https://twitter.com/SpeedPulse2790,Sun Dec 10 23:48:10 +0000 2023,0,0,0,False,https://twitter.com/SpeedPulse2790/status/1733997061559800068,"""معايا أفكار انتحارية""",معايا,افكار انتحاريه,1,suicidal,
1194566431821750272,"كنت شاكه ان شخص اتعامل معاه فيه bipolar ، وحقيقي شاكه بنسبه 80% من تعاملي معاه م مزح !اليوم حصلت فالكلاس ورقه مكتوب فيها ""انا معي افكار انتحاريه حقيقيه"" الترجمه سخيفه اعرف ""I have real suicidal thoughts” !! بالمره شليت الورقه له ! ماشكيت ابدا بحد ثاني ، قلتله انت كاتب ذا https://t.co/lM7HA35DbT",3310511023,ink_point97,‏Ink  Point,Asma .D.K ✨🌸👩🏻‍⚕️🌸✨  OMC graduate 👩🏻‍🎓,209,,12290,https://twitter.com/ink_point97,Wed Nov 13 10:43:25 +0000 2019,0,1,1,False,https://twitter.com/ink_point97/status/1194566431821750272,"""معي suicidal thoughts""",معي,افكار انتحاريه,1,suicidal,
1968044036322984022,لي يومين معي حراره اليوم مصاحبتها افكار انتحاريه ههههههه بديت انجن رسمي,1453654508291203072,Bingo_io,ꪆৎ,here to speak my mind ~,86,Riyadh,4812,https://twitter.com/Bingo_io,Tue Sep 16 20:07:17 +0000 2025,0,0,0,False,https://twitter.com/Bingo_io/status/1968044036322984022,"""معي أفكار انتحارية""",معي,افكار انتحاريه,22,suicidal,
1903219333897257342,@ayhwsb3d ليتك معي توقفين جمبهم وتجيهم  افكار انتحارية من فرق الطول,1821162814058459140,augscoups,00,scoupsholic˚ʚ♡ɞ˚lizholic,18,,7394,https://twitter.com/augscoups,Fri Mar 21 22:57:03 +0000 2025,0,0,0,False,https://twitter.com/augscoups/status/1903219333897257342,"""معي أفكار انتحارية""",معي,افكار انتحارية,22,suicidal,
1878718030869668233,@timon_leb روق روق شراب قهوة بركي بتقطع و بيمرق النهار على خير...انا قبل الnescafe  الصبح بيطلع معي هيك افكار انتحارية 😁😂😂😂,704651532877193217,KhatibHanane,Hanane Khatib,"I live on tea, stories,cinema & music |
Political Marketing • Storytelling •  Political Affairs Editor •  PR/Comms | @USJLiban Alumna | We are doomed by hope...",1847,Lebanon Beirut,29978,https://twitter.com/KhatibHanane,Mon Jan 13 08:17:38 +0000 2025,0,1,1,False,https://twitter.com/KhatibHanane/status/1878718030869668233,"""معي أفكار انتحارية""",معي,افكار انتحارية,5,suicidal,
1628417993934884864,@vexlbu يشيخ وصلت معي افكار انتحاريه مو بس هم,1271761847100887047,i9e_t,𝚃𝚃,♡ ⛢ ☽ ⋆ ☁︎ ᗢ ➶ ฅ 𑣿 🜸 ₊꒰ა ْ ໒꒱ ‧₊,43,🇸🇦,4676,https://twitter.com/i9e_t,Wed Feb 22 15:34:38 +0000 2023,0,0,0,False,https://twitter.com/i9e_t/status/1628417993934884864,"""معي أفكار انتحارية""",معي,افكار انتحاريه,1,suicidal,
