Keyword,Count
اكتئاب,2826
الاكتئاب,1428
اكتئاب حاد,1048
اكتئاب شديد,467
إكتئاب,460
اكتأب,455
depression,347
اكتئاب مزمن,330
الإكتئاب,258
الاكتئاب الحاد,168
ديبرشن,161
دبرشن,157
اكتئاب ما بعد الولادة,141
الاكتئاب الشديد,122
اكتئاب موسمي,114
ديبريشن,108
اكتاب,105
SAD,96
اكتئاب متوسط,89
أكتئاب,73
سوء المزاج,66
أكتئاب حاد,41
اكتئاب بعد الولادة,41
اكتئاب النفاس,32
الاكتئاب الموسمي,31
اكتئاب سريري,25
اكتئاب نفاس,23
أكتئاب شديد,20
الاكتئاب السريري,13
postpartum depression,13
أكتئاب مزمن,12
PPD,11
اكتئاب ذهاني,10
الاكتئاب الذهاني,10
clinical depression,8
major depressive disorder,8
dysthymia,7
seasonal affective disorder,6
اضطراب اكتئابي,5
MDD,5
أكتئاب متوسط,5
الاكتئاب ما بعد الولادة,3
الاضطراب الاكتئابي,3
الاكتئاب المستمر,2
psychotic depression,1
persistent depressive disorder,1
الاكتئاب الرئيسي,1
نوبة الاكتئاب الجسيم,1
